{
  "timestamp": "20260401_190823",
  "n_train": 144,
  "n_val": 31,
  "n_test": 31,
  "best_params": {
    "colsample_bytree": 0.8,
    "learning_rate": 0.01,
    "max_depth": 3,
    "n_estimators": 100,
    "subsample": 0.8
  },
  "metrics_validation": {
    "accuracy": 1.0,
    "precision": 1.0,
    "recall": 1.0,
    "f1": 1.0,
    "roc_auc": 1.0,
    "brier": 0.07052015513181686,
    "n_samples": 31,
    "up_pct": 64.51612903225806
  },
  "metrics_test": {
    "accuracy": 0.967741935483871,
    "precision": 0.9166666666666666,
    "recall": 1.0,
    "f1": 0.9565217391304348,
    "roc_auc": 1.0,
    "brier": 0.07273893803358078,
    "n_samples": 31,
    "up_pct": 35.483870967741936
  },
  "feature_importance": {
    "momentum_1": 0.3431013822555542,
    "ob_midpoint": 0.08242437243461609,
    "vwap_diff": 0.07620387524366379,
    "rsi_3": 0.059641167521476746,
    "rsi_5": 0.051780059933662415,
    "price_vs_high_12": 0.04304079711437225,
    "price_vs_low_12": 0.0388638935983181,
    "momentum_3": 0.03541954979300499,
    "atr_6": 0.029582222923636436,
    "ob_imbalance": 0.028034493327140808,
    "ob_depth_bid_3": 0.023308631032705307,
    "trade_vwap": 0.020054947584867477,
    "hour_cos": 0.018243083730340004,
    "ob_total_ask": 0.017707234248518944,
    "trade_flow_net": 0.017058992758393288,
    "ob_total_bid": 0.0167525727301836,
    "streak_up": 0.0157499797642231,
    "ema_cross_5_13": 0.012903113849461079,
    "momentum_6": 0.011667614802718163,
    "volatility_6": 0.010900208726525307,
    "volatility_12": 0.007664008531719446,
    "bb_width": 0.007662544958293438,
    "ob_depth_ask_3": 0.006073782220482826,
    "trade_avg_size": 0.005501072853803635,
    "prev_result": 0.005349273793399334,
    "hour_sin": 0.005031657870858908,
    "trade_count": 0.0029987504240125418,
    "streak_down": 0.0029127157758921385,
    "ob_spread": 0.0022533859591931105,
    "ema_cross_3_8": 0.0021146174985915422,
    "bb_position": 0.0,
    "share_price_yes": 0.0,
    "share_price_change": 0.0,
    "dow_sin": 0.0,
    "dow_cos": 0.0
  },
  "model_filename": "xgb_btc5m_20260401_190823.pkl",
  "feature_columns": [
    "rsi_3",
    "rsi_5",
    "bb_position",
    "bb_width",
    "ema_cross_3_8",
    "ema_cross_5_13",
    "momentum_1",
    "momentum_3",
    "momentum_6",
    "volatility_6",
    "volatility_12",
    "vwap_diff",
    "atr_6",
    "price_vs_high_12",
    "price_vs_low_12",
    "ob_imbalance",
    "ob_depth_bid_3",
    "ob_depth_ask_3",
    "ob_spread",
    "ob_midpoint",
    "ob_total_bid",
    "ob_total_ask",
    "trade_flow_net",
    "trade_count",
    "trade_avg_size",
    "trade_vwap",
    "share_price_yes",
    "share_price_change",
    "hour_sin",
    "hour_cos",
    "dow_sin",
    "dow_cos",
    "streak_up",
    "streak_down",
    "prev_result"
  ],
  "target_threshold": 0.53
}