{
  "timestamp": "20260402_170420",
  "n_train": 328,
  "n_val": 70,
  "n_test": 71,
  "best_params": {
    "colsample_bytree": 0.8,
    "learning_rate": 0.05,
    "max_depth": 3,
    "n_estimators": 200,
    "subsample": 0.8
  },
  "metrics_validation": {
    "accuracy": 0.9428571428571428,
    "precision": 0.9714285714285714,
    "recall": 0.918918918918919,
    "f1": 0.9444444444444444,
    "roc_auc": 0.9623259623259623,
    "brier": 0.053737714886665344,
    "n_samples": 70,
    "up_pct": 52.85714285714286
  },
  "metrics_test": {
    "accuracy": 0.9859154929577465,
    "precision": 1.0,
    "recall": 0.9722222222222222,
    "f1": 0.9859154929577465,
    "roc_auc": 0.988095238095238,
    "brier": 0.02194805070757866,
    "n_samples": 71,
    "up_pct": 50.70422535211267
  },
  "feature_importance": {
    "momentum_1": 0.30380117893218994,
    "rsi_3": 0.08907678723335266,
    "bb_position": 0.05977394059300423,
    "rsi_5": 0.0490284189581871,
    "ob_imbalance": 0.04554571583867073,
    "ob_midpoint": 0.04279714822769165,
    "atr_6": 0.03236425668001175,
    "ob_depth_bid_3": 0.03163044527173042,
    "price_vs_low_12": 0.029905712231993675,
    "momentum_3": 0.023704752326011658,
    "ob_total_bid": 0.022190788760781288,
    "volatility_6": 0.021852660924196243,
    "price_vs_high_12": 0.021412622183561325,
    "trade_vwap": 0.019723951816558838,
    "vwap_diff": 0.019290341064333916,
    "ob_depth_ask_3": 0.017469970509409904,
    "volatility_12": 0.01733981817960739,
    "momentum_6": 0.016307521611452103,
    "streak_up": 0.015147453173995018,
    "ema_cross_3_8": 0.012920052744448185,
    "hour_sin": 0.012174363248050213,
    "prev_result": 0.011917844414710999,
    "ob_total_ask": 0.01150683593004942,
    "hour_cos": 0.011317463591694832,
    "streak_down": 0.011186373420059681,
    "ema_cross_5_13": 0.011159691028296947,
    "trade_count": 0.010142276994884014,
    "trade_flow_net": 0.008836567401885986,
    "bb_width": 0.007725252769887447,
    "trade_avg_size": 0.006955391727387905,
    "ob_spread": 0.005794459022581577,
    "share_price_yes": 0.0,
    "share_price_change": 0.0,
    "dow_sin": 0.0,
    "dow_cos": 0.0
  },
  "model_filename": "xgb_btc5m_20260402_170420.pkl",
  "feature_columns": [
    "rsi_3",
    "rsi_5",
    "bb_position",
    "bb_width",
    "ema_cross_3_8",
    "ema_cross_5_13",
    "momentum_1",
    "momentum_3",
    "momentum_6",
    "volatility_6",
    "volatility_12",
    "vwap_diff",
    "atr_6",
    "price_vs_high_12",
    "price_vs_low_12",
    "ob_imbalance",
    "ob_depth_bid_3",
    "ob_depth_ask_3",
    "ob_spread",
    "ob_midpoint",
    "ob_total_bid",
    "ob_total_ask",
    "trade_flow_net",
    "trade_count",
    "trade_avg_size",
    "trade_vwap",
    "share_price_yes",
    "share_price_change",
    "hour_sin",
    "hour_cos",
    "dow_sin",
    "dow_cos",
    "streak_up",
    "streak_down",
    "prev_result"
  ],
  "target_threshold": 0.53
}