{
  "timestamp": "20260403_144016",
  "n_train": 509,
  "n_val": 109,
  "n_test": 110,
  "best_params": {
    "colsample_bytree": 0.8,
    "learning_rate": 0.01,
    "max_depth": 7,
    "n_estimators": 100,
    "subsample": 0.8
  },
  "metrics_validation": {
    "accuracy": 0.908256880733945,
    "precision": 1.0,
    "recall": 0.8148148148148148,
    "f1": 0.8979591836734694,
    "roc_auc": 0.9641414141414142,
    "brier": 0.10511528700590134,
    "n_samples": 109,
    "up_pct": 49.54128440366973
  },
  "metrics_test": {
    "accuracy": 0.990909090909091,
    "precision": 0.9841269841269841,
    "recall": 1.0,
    "f1": 0.992,
    "roc_auc": 1.0,
    "brier": 0.06262578070163727,
    "n_samples": 110,
    "up_pct": 56.36363636363636
  },
  "feature_importance": {
    "momentum_1": 0.47682321071624756,
    "ob_midpoint": 0.08149813860654831,
    "rsi_3": 0.07955223321914673,
    "trade_vwap": 0.02671022154390812,
    "price_vs_high_12": 0.024633051827549934,
    "price_vs_low_12": 0.023462459444999695,
    "ob_depth_bid_3": 0.021947717294096947,
    "rsi_5": 0.021128036081790924,
    "ema_cross_5_13": 0.018552210181951523,
    "ob_depth_ask_3": 0.016897685825824738,
    "ema_cross_3_8": 0.01651533506810665,
    "momentum_6": 0.016049452126026154,
    "momentum_3": 0.014165828935801983,
    "streak_up": 0.013087224215269089,
    "bb_width": 0.012789140455424786,
    "bb_position": 0.012316684238612652,
    "ob_total_bid": 0.01126604713499546,
    "dow_sin": 0.011198431253433228,
    "ob_imbalance": 0.010601803660392761,
    "trade_avg_size": 0.00927136279642582,
    "volatility_12": 0.009245346300303936,
    "prev_result": 0.009042825549840927,
    "ob_spread": 0.008162458427250385,
    "volatility_6": 0.00804054643958807,
    "streak_down": 0.007743098307400942,
    "vwap_diff": 0.007406804244965315,
    "atr_6": 0.007041768170893192,
    "hour_sin": 0.006878117565065622,
    "hour_cos": 0.004934790078550577,
    "trade_count": 0.004611327312886715,
    "ob_total_ask": 0.004379597958177328,
    "trade_flow_net": 0.004046993795782328,
    "share_price_yes": 0.0,
    "share_price_change": 0.0,
    "dow_cos": 0.0
  },
  "model_filename": "xgb_btc5m_20260403_144016.pkl",
  "feature_columns": [
    "rsi_3",
    "rsi_5",
    "bb_position",
    "bb_width",
    "ema_cross_3_8",
    "ema_cross_5_13",
    "momentum_1",
    "momentum_3",
    "momentum_6",
    "volatility_6",
    "volatility_12",
    "vwap_diff",
    "atr_6",
    "price_vs_high_12",
    "price_vs_low_12",
    "ob_imbalance",
    "ob_depth_bid_3",
    "ob_depth_ask_3",
    "ob_spread",
    "ob_midpoint",
    "ob_total_bid",
    "ob_total_ask",
    "trade_flow_net",
    "trade_count",
    "trade_avg_size",
    "trade_vwap",
    "share_price_yes",
    "share_price_change",
    "hour_sin",
    "hour_cos",
    "dow_sin",
    "dow_cos",
    "streak_up",
    "streak_down",
    "prev_result"
  ],
  "target_threshold": 0.53
}