{
  "timestamp": "20260401_070808",
  "n_train": 77,
  "n_val": 16,
  "n_test": 17,
  "best_params": {
    "colsample_bytree": 0.8,
    "learning_rate": 0.01,
    "max_depth": 3,
    "n_estimators": 100,
    "subsample": 0.8
  },
  "metrics_validation": {
    "accuracy": 0.9375,
    "precision": 1.0,
    "recall": 0.9285714285714286,
    "f1": 0.9629629629629629,
    "roc_auc": 1.0,
    "brier": 0.08342815190553665,
    "n_samples": 16,
    "up_pct": 87.5
  },
  "metrics_test": {
    "accuracy": 0.9411764705882353,
    "precision": 0.9166666666666666,
    "recall": 1.0,
    "f1": 0.9565217391304348,
    "roc_auc": 1.0,
    "brier": 0.07477400451898575,
    "n_samples": 17,
    "up_pct": 64.70588235294117
  },
  "feature_importance": {
    "momentum_1": 0.18420730531215668,
    "ob_imbalance": 0.09116153419017792,
    "trade_vwap": 0.07295606285333633,
    "ob_midpoint": 0.07043977081775665,
    "ob_spread": 0.06943976879119873,
    "momentum_3": 0.05166834965348244,
    "atr_6": 0.04941413179039955,
    "rsi_3": 0.04515757039189339,
    "momentum_6": 0.041775770485401154,
    "trade_avg_size": 0.03538160398602486,
    "trade_count": 0.03524213656783104,
    "bb_width": 0.03183315694332123,
    "ob_depth_bid_3": 0.02889055199921131,
    "bb_position": 0.027715226635336876,
    "streak_up": 0.024006417021155357,
    "volatility_6": 0.02191302180290222,
    "ob_total_bid": 0.021565359085798264,
    "streak_down": 0.021469656378030777,
    "hour_sin": 0.01650288514792919,
    "trade_flow_net": 0.015779925510287285,
    "ob_total_ask": 0.013329683803021908,
    "ob_depth_ask_3": 0.012817969545722008,
    "hour_cos": 0.009014821611344814,
    "price_vs_low_12": 0.002768790116533637,
    "prev_result": 0.002519948873668909,
    "ema_cross_3_8": 0.0012153306743130088,
    "rsi_5": 0.0009873477974906564,
    "volatility_12": 0.0008258495363406837,
    "vwap_diff": 0.0,
    "ema_cross_5_13": 0.0,
    "price_vs_high_12": 0.0,
    "share_price_yes": 0.0,
    "share_price_change": 0.0,
    "dow_sin": 0.0,
    "dow_cos": 0.0
  },
  "model_filename": "xgb_btc5m_20260401_070808.pkl",
  "feature_columns": [
    "rsi_3",
    "rsi_5",
    "bb_position",
    "bb_width",
    "ema_cross_3_8",
    "ema_cross_5_13",
    "momentum_1",
    "momentum_3",
    "momentum_6",
    "volatility_6",
    "volatility_12",
    "vwap_diff",
    "atr_6",
    "price_vs_high_12",
    "price_vs_low_12",
    "ob_imbalance",
    "ob_depth_bid_3",
    "ob_depth_ask_3",
    "ob_spread",
    "ob_midpoint",
    "ob_total_bid",
    "ob_total_ask",
    "trade_flow_net",
    "trade_count",
    "trade_avg_size",
    "trade_vwap",
    "share_price_yes",
    "share_price_change",
    "hour_sin",
    "hour_cos",
    "dow_sin",
    "dow_cos",
    "streak_up",
    "streak_down",
    "prev_result"
  ],
  "target_threshold": 0.53
}