{
  "timestamp": "20260404_160449",
  "n_train": 723,
  "n_val": 155,
  "n_test": 155,
  "best_params": {
    "colsample_bytree": 0.8,
    "learning_rate": 0.01,
    "max_depth": 3,
    "n_estimators": 100,
    "subsample": 0.8
  },
  "metrics_validation": {
    "accuracy": 0.9483870967741935,
    "precision": 0.9615384615384616,
    "recall": 0.9375,
    "f1": 0.9493670886075949,
    "roc_auc": 0.9733333333333333,
    "brier": 0.08143069595098495,
    "n_samples": 155,
    "up_pct": 51.61290322580645
  },
  "metrics_test": {
    "accuracy": 0.9483870967741935,
    "precision": 0.9753086419753086,
    "recall": 0.9294117647058824,
    "f1": 0.9518072289156626,
    "roc_auc": 0.976890756302521,
    "brier": 0.08151782304048538,
    "n_samples": 155,
    "up_pct": 54.83870967741935
  },
  "feature_importance": {
    "momentum_1": 0.3937082588672638,
    "rsi_3": 0.17794190347194672,
    "ob_midpoint": 0.08199117332696915,
    "ob_imbalance": 0.07804562896490097,
    "price_vs_high_12": 0.034641772508621216,
    "price_vs_low_12": 0.03364797309041023,
    "trade_vwap": 0.032822057604789734,
    "ob_total_ask": 0.021495798602700233,
    "ob_depth_ask_3": 0.020686490461230278,
    "trade_avg_size": 0.01699022203683853,
    "ob_spread": 0.015767954289913177,
    "ob_depth_bid_3": 0.011821785941720009,
    "dow_sin": 0.0113605922088027,
    "streak_up": 0.008378402329981327,
    "hour_cos": 0.007323800586163998,
    "volatility_6": 0.006989985704421997,
    "streak_down": 0.006656544748693705,
    "trade_count": 0.006621720269322395,
    "bb_position": 0.006356653291732073,
    "hour_sin": 0.004217861220240593,
    "ob_total_bid": 0.003994498401880264,
    "momentum_3": 0.003970310091972351,
    "rsi_5": 0.0038921795785427094,
    "dow_cos": 0.0037467984948307276,
    "prev_result": 0.002947041764855385,
    "trade_flow_net": 0.002029974479228258,
    "ema_cross_5_13": 0.0019524534000083804,
    "volatility_12": 0.0,
    "share_price_yes": 0.0,
    "share_price_change": 0.0,
    "bb_width": 0.0,
    "ema_cross_3_8": 0.0,
    "momentum_6": 0.0,
    "atr_6": 0.0,
    "vwap_diff": 0.0
  },
  "model_filename": "xgb_btc5m_20260404_160449.pkl",
  "feature_columns": [
    "rsi_3",
    "rsi_5",
    "bb_position",
    "bb_width",
    "ema_cross_3_8",
    "ema_cross_5_13",
    "momentum_1",
    "momentum_3",
    "momentum_6",
    "volatility_6",
    "volatility_12",
    "vwap_diff",
    "atr_6",
    "price_vs_high_12",
    "price_vs_low_12",
    "ob_imbalance",
    "ob_depth_bid_3",
    "ob_depth_ask_3",
    "ob_spread",
    "ob_midpoint",
    "ob_total_bid",
    "ob_total_ask",
    "trade_flow_net",
    "trade_count",
    "trade_avg_size",
    "trade_vwap",
    "share_price_yes",
    "share_price_change",
    "hour_sin",
    "hour_cos",
    "dow_sin",
    "dow_cos",
    "streak_up",
    "streak_down",
    "prev_result"
  ],
  "target_threshold": 0.53
}